date,close,high,low
2021-01-03,10845.03,10846.56,10804.16
2021-01-04,10813.78,10860.66,10813.13
2021-01-05,10829.96,10855.15,10804.94
2021-01-06,10952.14,10971.57,10829.96
2021-01-10,11213.48,11218.1,10952.14
2021-01-11,11278.72,11287.12,11213.48
2021-01-12,11339.75,11354.34,11274.91
2021-01-13,11388.9,11388.9,11335.99
2021-01-14,11453.43,11462.05,11381.09
2021-01-17,11446.53,11477.74,11424.66
2021-01-18,11450.54,11503.28,11446.53
2021-01-19,11485.8,11485.8,11420.66
2021-01-20,11598.9,11604.47,11485.8
2021-01-21,11654.58,11675.69,11598.9
2021-01-24,11525.25,11672.09,11525.25
2021-01-25,11509.63,11542.11,11507.04
2021-01-26,11527.34,11528.38,11478.59
2021-01-27,11578.84,11591.25,11527.34
2021-01-31,11546.15,11583.76,11546.11
2021-02-01,11589.34,11623.77,11546.15
2021-02-02,11637.55,11645.72,11589.34
2021-02-03,11619.14,11673.45,11618.94
2021-02-04,11598.85,11632.06,11596.97
2021-02-07,11602.78,11629.04,11598.85
2021-02-08,11523.06,11664.98,11523.06
2021-02-09,11447.73,11523.06,11429.28
2021-02-10,11545.03,11546.12,11447.73
2021-02-11,11546.32,11584.4,11545.03
2021-02-14,11506.72,11592.41,11506.72
2021-02-15,11526.77,11546.96,11506.72
2021-02-16,11534.05,11565.8,11514.69
2021-02-17,11413.17,11537.23,11413.17
2021-02-18,11380.55,11429.77,11377.99
2021-02-21,11425.85,11446.05,11380.55
2021-02-22,11549.97,11551.86,11425.85
2021-02-23,11416.74,11556.26,11416.74
2021-02-24,11435.43,11435.43,11288.27
2021-02-25,11617.91,11621.57,11435.43
2021-02-28,11525.02,11630.75,11525.02
2021-03-01,11521.38,11588.67,11519.2
2021-03-02,11471.39,11533.49,11471.39
2021-03-03,11393.25,11489.25,11386.66
2021-03-04,11333.86,11409.78,11298.08
2021-03-07,11557.85,11564.62,11333.86
2021-03-08,11459.51,11609.76,11459.51
2021-03-09,11337.46,11495.41,11337.38
2021-03-10,11235.6,11337.46,11187.63
2021-03-11,11261.35,11272.99,11202.09
2021-03-14,11289.57,11344.6,11261.35
2021-03-15,11222.33,11333.0,11222.29
2021-03-16,11190.8,11223.42,11146.33
2021-03-17,11068.37,11195.58,11068.37
2021-03-18,10918.4,11068.37,10903.98
2021-03-21,10802.29,10974.62,10802.29
2021-03-22,10537.22,10802.29,10537.22
2021-03-23,10471.36,10538.2,10316.96
2021-03-24,10702.18,10723.61,10471.36
2021-03-25,10870.46,10870.46,10691.92
2021-03-28,10867.69,10935.53,10867.46
2021-03-29,10738.42,10875.98,10733.2
2021-03-30,10739.69,10785.61,10717.57
2021-03-31,10568.37,10740.48,10565.68
2021-04-01,10564.88,10601.65,10543.79
2021-04-04,10417.15,10586.63,10417.15
2021-04-05,10256.92,10417.15,10149.24
2021-04-06,10263.22,10291.61,10222.0
2021-04-07,10227.67,10263.22,10209.36
2021-04-08,10303.55,10311.97,10227.48
2021-04-11,10393.13,10393.13,10291.39
2021-04-12,10450.09,10503.14,10393.13
2021-04-13,10305.81,10460.55,10305.81
2021-04-14,10115.51,10322.39,10114.7
2021-04-15,10143.21,10212.7,10115.51
2021-04-18,10358.26,10360.94,10143.21
2021-04-19,10441.0,10441.04,10351.12
2021-04-20,10620.05,10620.05,10441.0
2021-04-21,10642.49,10711.23,10616.77
2021-04-22,10600.07,10642.59,10560.19
2021-04-25,10604.28,10621.55,10600.07
2021-04-26,10525.84,10604.28,10507.48
2021-04-27,10591.42,10598.85,10525.84
2021-04-28,10475.26,10594.36,10475.26
2021-05-04,10465.59,10475.26,10431.8
2021-05-05,10512.84,10515.71,10418.41
2021-05-06,10588.09,10588.86,10512.84
2021-05-09,10643.63,10659.02,10588.09
2021-05-10,10686.03,10687.71,10632.01
2021-05-11,10767.84,10771.56,10686.03
2021-05-17,10674.67,10790.38,10673.67
2021-05-18,10780.9,10780.9,10669.21
2021-05-19,10806.23,10862.98,10780.9
2021-05-20,10731.96,10816.27,10731.69
2021-05-23,10812.06,10812.49,10731.96
2021-05-24,10760.95,10835.24,10760.8
2021-05-25,10531.83,10760.95,10531.61
2021-05-26,10369.57,10532.41,10369.57
2021-05-27,10242.3,10371.41,10242.3
2021-05-30,10301.58,10305.54,10242.3
2021-05-31,10309.06,10380.47,10301.58
2021-06-01,10240.21,10323.55,10231.43
2021-06-02,10120.95,10245.4,10120.95
2021-06-03,10054.81,10121.53,10029.14
2021-06-06,10122.44,10143.59,10038.57
2021-06-07,10105.04,10131.54,10091.15
2021-06-08,9963.91,10128.81,9959.32
2021-06-09,10042.18,10046.22,9959.91
2021-06-10,9977.9,10054.34,9977.48
2021-06-13,9887.19,10015.57,9887.19
2021-06-14,9933.35,9944.81,9837.61
2021-06-15,9891.18,9960.77,9891.18
2021-06-16,9880.49,9898.07,9845.3
2021-06-17,9865.59,9906.43,9863.85
2021-06-20,9797.91,9865.66,9769.18
2021-06-21,10061.58,10061.66,9797.91
2021-06-22,10206.24,10206.24,10061.58
2021-06-23,10272.72,10311.94,10206.24
2021-06-24,10278.86,10285.49,10244.79
2021-06-27,10305.02,10305.14,10278.86
2021-06-28,10273.92,10325.92,10261.2
2021-06-29,10123.06,10273.92,10094.17
2021-06-30,10256.62,10262.18,10122.86
2021-07-04,10345.66,10346.14,10256.62
2021-07-05,10348.29,10386.82,10345.66
2021-07-06,10154.79,10348.29,10147.51
2021-07-07,10277.25,10280.0,10154.79
2021-07-08,10184.8,10279.29,10184.8
2021-07-11,10153.47,10190.06,10152.52
2021-07-12,10233.7,10233.88,10153.43
2021-07-13,10431.99,10431.99,10233.7
2021-07-14,10602.41,10625.3,10431.99
2021-07-15,10561.28,10609.43,10549.57
2021-07-18,10646.85,10648.73,10561.28
2021-07-25,10745.69,10757.09,10646.85
2021-07-26,10697.32,10755.74,10685.63
2021-07-27,10763.26,10763.75,10697.32
2021-07-28,10769.22,10795.08,10723.59
2021-07-29,10742.23,10837.21,10742.23
2021-08-01,10810.21,10812.34,10739.59
2021-08-02,10821.88,10874.58,10808.7
2021-08-03,10726.33,10821.88,10726.33
2021-08-04,10718.89,10734.68,10688.35
2021-08-05,10723.18,10756.32,10718.89
2021-08-08,10738.67,10750.16,10723.18
2021-08-09,10800.39,10808.25,10738.67
2021-08-10,10853.83,10870.81,10799.26
2021-08-11,10884.5,10887.67,10852.5
2021-08-15,11029.56,11061.35,10884.5
2021-08-16,11046.15,11145.36,11029.56
2021-08-17,10937.69,11061.94,10935.98
2021-08-18,10907.96,10955.0,10906.02
2021-08-19,10808.7,10907.96,10808.7
2021-08-22,10690.79,10815.51,10686.4
2021-08-23,10884.29,10884.47,10683.25
2021-08-24,10950.24,10953.59,10884.29
2021-08-25,11064.43,11072.9,10950.24
2021-08-26,11125.55,11160.43,11064.43
2021-08-29,11113.74,11125.55,11043.74
2021-08-30,11163.23,11198.14,11113.74
2021-08-31,11143.8,11191.62,11129.94
2021-09-01,11283.7,11283.7,11143.58
2021-09-02,11301.36,11321.95,11283.7
2021-09-05,11095.89,11301.36,11090.75
2021-09-06,11064.17,11114.2,10954.98
2021-09-07,11089.8,11122.51,11002.99
2021-09-08,11135.48,11149.75,11085.37
2021-09-09,11056.27,11137.06,11041.82
2021-09-12,11036.93,11083.93,11022.74
2021-09-13,11140.22,11140.22,11036.93
2021-09-14,11187.82,11206.47,11139.99
2021-09-15,11149.36,11239.72,11117.08
2021-09-16,10996.76,11182.23,10996.76
2021-09-19,10889.65,11098.53,10878.9
2021-09-20,10710.56,10889.65,10693.65
2021-09-21,10498.52,10711.09,10453.19
2021-09-22,10596.06,10609.29,10498.52
2021-09-23,10642.02,10683.18,10596.06
2021-09-26,10649.76,10704.25,10621.45
2021-09-27,10496.0,10652.15,10496.0
2021-09-28,10446.78,10499.86,10424.3
2021-09-29,10391.14,10463.52,10345.4
2021-09-30,10517.03,10517.03,10281.73
2021-10-03,10366.44,10575.73,10366.44
2021-10-04,10427.44,10437.66,10366.14
2021-10-05,10432.63,10471.44,10412.07
2021-10-06,10536.39,10536.39,10432.63
2021-10-10,10662.96,10671.43,10536.39
2021-10-11,10714.78,10739.78,10662.96
2021-10-12,10783.92,10798.69,10697.59
2021-10-13,10881.4,10881.4,10783.92
2021-10-14,10995.59,11018.18,10881.06
2021-10-17,11155.57,11155.57,10995.59
2021-10-18,11276.17,11303.24,11134.84
2021-10-19,11195.05,11358.43,11189.4
2021-10-20,11132.07,11227.73,11061.56
2021-10-24,11185.88,11238.34,11132.07
2021-10-25,11178.0,11229.45,11096.53
2021-10-26,11256.54,11468.14,11178.0
2021-10-27,11364.2,11385.83,11254.28
2021-10-28,11506.63,11506.63,11361.26
2021-10-31,11420.19,11506.63,11362.54
2021-11-01,11568.27,11570.33,11420.19
2021-11-02,11676.38,11676.38,11545.11
2021-11-03,11685.12,11730.33,11609.43
2021-11-04,11612.84,11685.17,11474.71
2021-11-07,11555.58,11617.12,11514.07
2021-11-08,11497.51,11563.2,11468.19
2021-11-09,11588.42,11588.42,11483.43
2021-11-10,11480.5,11601.14,11372.69
2021-11-11,11573.14,11602.8,11480.5
2021-11-14,11662.99,11662.99,11529.8
2021-11-15,11496.63,11663.93,11475.48
2021-11-16,11413.21,11501.49,11404.03
2021-11-17,11453.3,11511.2,11391.18
2021-11-18,11337.99,11480.78,11310.59
2021-11-21,11273.11,11419.84,11273.11
2021-11-22,11359.03,11369.35,11255.51
2021-11-23,11369.22,11432.25,11352.04
2021-11-24,11352.64,11372.54,11291.38
2021-11-25,11431.24,11451.3,11338.48
2021-11-28,11277.83,11431.24,11218.33
2021-11-29,11212.3,11277.83,11202.09
2021-11-30,11395.6,11395.6,11179.29
2021-12-01,11420.0,11442.57,11330.15
2021-12-02,11318.35,11440.37,11293.62
2021-12-05,11401.33,11401.33,11316.25
2021-12-06,11514.87,11514.87,11385.81
2021-12-07,11538.26,11631.01,11466.4
2021-12-08,11451.14,11552.73,11391.39
2021-12-09,11534.63,11545.47,11451.14
2021-12-12,11708.05,11708.05,11520.01
2021-12-13,11700.4,11765.63,11700.4
2021-12-14,11618.01,11728.17,11613.3
2021-12-15,11622.1,11665.49,11590.25
2021-12-16,11667.73,11738.82,11622.1
2021-12-19,11565.72,11684.57,11549.28
2021-12-20,11482.43,11570.86,11440.2
2021-12-21,11524.66,11608.86,11482.43
2021-12-22,11630.63,11636.71,11524.65
2021-12-23,11755.46,11776.26,11630.63
2021-12-26,11856.21,11906.26,11755.46
2021-12-27,11849.79,11922.68,11834.0
2021-12-28,11913.44,11913.44,11840.1
2021-12-29,11898.42,11950.34,11895.53
2021-12-30,11949.18,11949.18,11857.97
2022-01-02,11909.72,12017.44,11907.75
2022-01-03,11897.4,11916.0,11870.47
2022-01-04,11982.61,11984.21,11897.15
2022-01-05,12043.42,12069.23,11981.25
2022-01-09,11978.56,12044.78,11958.61
2022-01-10,12022.69,12040.33,11978.56
2022-01-11,12002.08,12047.33,11979.2
2022-01-12,12060.0,12065.14,12002.08
2022-01-13,12012.31,12063.94,11978.78
2022-01-16,11830.94,12012.73,11820.16
2022-01-17,11859.12,11871.77,11807.43
2022-01-18,11876.44,11876.44,11805.42
2022-01-19,11715.01,11882.29,11693.56
2022-01-20,11731.71,11731.71,11608.63
2022-01-23,11655.72,11731.71,11584.5
2022-01-24,11616.13,11671.21,11608.89
2022-01-25,11542.43,11624.5,11516.91
2022-01-26,11499.85,11562.02,11496.68
2022-01-30,11457.46,11514.27,11457.46
2022-01-31,11490.45,11513.7,11420.47
2022-02-01,11603.33,11603.33,11490.45
2022-02-02,11691.82,11691.82,11603.33
2022-02-03,11638.06,11720.71,11618.62
2022-02-06,11689.55,11689.55,11637.92
2022-02-07,11548.61,11708.02,11524.25
2022-02-08,11527.9,11575.82,11523.67
2022-02-09,11596.29,11703.67,11527.9
2022-02-10,11578.54,11615.84,11548.99
2022-02-13,11438.12,11589.04,11418.92
2022-02-14,11403.34,11438.12,11320.24
2022-02-15,11563.38,11563.38,11402.38
2022-02-16,11568.14,11627.44,11523.64
2022-02-17,11535.02,11568.14,11497.51
2022-02-20,11371.21,11535.37,11371.06
2022-02-21,11501.92,11506.69,11370.47
2022-02-22,11302.49,11501.92,11256.96
2022-02-23,11301.08,11349.82,11294.91
2022-02-24,10890.88,11301.08,10841.98
2022-02-27,11174.09,11174.09,10890.88
2022-02-28,11138.86,11176.22,11094.32
2022-03-01,11275.78,11297.56,11138.86
2022-03-02,11189.29,11291.44,11189.29
2022-03-03,11305.55,11305.55,11189.29
2022-03-06,11094.66,11305.55,11087.96
2022-03-07,10701.14,11095.68,10691.68
2022-03-08,10396.83,10701.14,10357.72
2022-03-09,10415.73,10485.58,10395.13
2022-03-10,10453.59,10453.59,10332.19
2022-03-13,10480.67,10550.69,10453.59
2022-03-14,10419.56,10480.67,10361.17
2022-03-15,10423.09,10423.09,10285.09
2022-03-16,10705.6,10719.92,10423.09
2022-03-17,10726.44,10804.73,10675.27
2022-03-20,10973.72,10973.72,10726.44
2022-03-21,11511.15,11511.15,10973.72
2022-03-22,11663.32,11977.24,11511.15
2022-03-23,11743.91,11743.91,11586.76
2022-03-24,11709.16,11810.02,11704.33
2022-03-27,11545.61,11709.16,11465.63
2022-03-28,11240.79,11592.54,11240.79
2022-03-29,11393.54,11393.54,11151.12
2022-03-30,11239.21,11456.0,11239.21
2022-03-31,11238.48,11239.21,11123.13
2022-04-03,11562.21,11562.21,11238.48
2022-04-04,11529.18,11563.18,11512.07
2022-04-05,11380.85,11545.14,11375.44
2022-04-06,11347.96,11417.95,11319.85
2022-04-07,11101.94,11359.56,11091.16
2022-04-10,10897.61,11101.94,10872.94
2022-04-11,10728.66,10899.36,10715.53
2022-04-12,10898.69,10942.09,10728.66
2022-04-13,10847.46,10936.21,10847.46
2022-04-14,10679.55,10847.46,10614.24
2022-04-17,10707.93,10848.01,10642.3
2022-04-18,10724.8,10724.8,10580.1
2022-04-19,10626.81,10724.8,10566.93
2022-04-20,10444.76,10626.81,10441.52
2022-04-21,10548.14,10580.74,10443.92
2022-04-26,10682.08,10682.08,10529.49
2022-04-27,10718.22,10772.46,10681.02
2022-04-28,11047.7,11055.9,10717.49
2022-05-08,11109.22,11114.74,10949.65
2022-05-09,10906.72,11177.27,10906.72
2022-05-10,10811.45,10906.72,10778.0
2022-05-11,10855.93,10925.99,10810.15
2022-05-12,10678.98,10855.93,10602.41
2022-05-15,10534.22,10743.98,10534.22
2022-05-16,10461.88,10537.91,10391.52
2022-05-17,10438.95,10571.63,10438.95
2022-05-18,10467.63,10488.43,10433.96
2022-05-19,10549.97,10549.97,10345.71
2022-05-22,10462.74,10571.66,10462.74
2022-05-23,10514.95,10560.22,10462.74
2022-05-24,10415.54,10546.68,10374.76
2022-05-25,10247.43,10448.31,10247.43
2022-05-26,10200.56,10263.22,10155.46
2022-05-29,10086.72,10202.59,10077.72
2022-05-30,10109.36,10170.71,10057.64
2022-05-31,10150.05,10260.08,10109.36
2022-06-01,10083.98,10204.49,10041.18
2022-06-02,10007.51,10097.21,9990.46
2022-06-05,9986.0,10030.32,9971.71
2022-06-06,9984.92,9994.77,9957.2
2022-06-07,10048.36,10048.36,9974.26
2022-06-08,10236.06,10249.86,10048.36
2022-06-09,10235.43,10266.68,10158.07
2022-06-12,10097.55,10235.66,10089.31
2022-06-13,10014.85,10097.55,9964.5
2022-06-14,9981.22,10014.85,9931.46
2022-06-15,9969.97,10008.18,9924.78
2022-06-16,9866.75,9975.09,9866.75
2022-06-19,9728.19,9866.75,9720.87
2022-06-20,9680.18,9746.62,9671.52
2022-06-21,9697.88,9755.15,9680.18
2022-06-22,9612.9,9697.88,9612.9
2022-06-23,9439.85,9612.9,9439.85
2022-06-26,9443.75,9512.56,9435.92
2022-06-27,9255.43,9446.37,9227.13
2022-06-28,9179.63,9255.45,9008.2
2022-06-29,9225.61,9248.26,9169.59
2022-07-03,9008.89,9226.42,8924.34
2022-07-04,8685.74,9020.14,8685.74
2022-07-05,8657.5,8756.83,8616.19
2022-07-06,8670.12,8708.97,8599.25
2022-07-07,8764.25,8815.14,8667.88
2022-07-17,8772.93,8824.35,8739.75
2022-07-18,8867.94,8922.35,8772.93
2022-07-19,9033.53,9055.5,8864.78
2022-07-20,9112.72,9159.64,9033.53
2022-07-21,9289.81,9289.81,9112.72
2022-07-24,9276.28,9298.72,9256.23
2022-07-25,9237.7,9308.54,9237.7
2022-07-26,9350.42,9440.91,9237.26
2022-07-27,9287.92,9411.03,9286.78
2022-07-28,9369.32,9369.32,9282.7
2022-07-31,9467.08,9504.77,9369.32
2022-08-01,9423.1,9581.75,9395.47
2022-08-02,9442.02,9457.85,9392.23
2022-08-03,9539.43,9539.43,9442.02
2022-08-04,10043.23,10043.55,9539.43
2022-08-07,10123.81,10175.48,10043.23
2022-08-08,10047.71,10134.67,10043.21
2022-08-09,9968.88,10153.15,9968.88
2022-08-10,9965.46,10061.2,9940.43
2022-08-11,9988.84,10000.3,9955.78
2022-08-14,9984.44,10065.41,9984.44
2022-08-15,9914.71,10010.23,9871.69
2022-08-16,9843.17,9926.53,9820.36
2022-08-17,10058.12,10063.58,9833.85
2022-08-18,10094.16,10153.07,10058.12
2022-08-21,10339.58,10339.58,10094.16
2022-08-22,10246.24,10372.6,10226.88
2022-08-23,10137.89,10295.24,10137.89
2022-08-24,10105.24,10219.61,10087.67
2022-08-25,10287.27,10291.79,10105.24
2022-08-28,10178.15,10301.19,10178.15
2022-08-29,10122.32,10234.99,10122.32
2022-08-30,10132.15,10157.37,10063.26
2022-08-31,9998.61,10163.07,9998.61
2022-09-01,9936.87,10064.53,9920.52
2022-09-04,9996.74,10009.98,9905.05
2022-09-05,10177.64,10177.64,9996.72
2022-09-06,10329.66,10329.66,10177.64
2022-09-07,10232.29,10362.45,10226.81
2022-09-08,10265.35,10320.73,10231.45
2022-09-11,10356.31,10363.27,10265.35
2022-09-12,10434.1,10464.53,10356.31
2022-09-13,10397.12,10456.38,10387.56
2022-09-14,10193.79,10397.12,10164.46
2022-09-15,10079.02,10213.43,10039.41
2022-09-18,9763.19,10093.41,9706.67
2022-09-19,9854.21,9865.9,9627.85
2022-09-20,10010.53,10010.53,9830.26
2022-09-21,9955.85,10045.01,9955.85
2022-09-22,9933.05,9971.83,9875.76
2022-09-25,9895.04,9933.05,9777.76
2022-09-26,9827.8,9906.36,9827.8
2022-09-27,9817.37,9873.7,9812.5
2022-09-28,9702.19,9828.62,9696.15
2022-09-29,9827.46,9827.46,9702.19
2022-10-02,9687.36,9829.1,9687.36
2022-10-03,9685.85,9717.6,9653.33
2022-10-04,9923.81,9923.81,9685.85
2022-10-05,10010.78,10010.78,9923.81
2022-10-09,9940.86,10010.78,9934.61
2022-10-10,9948.53,10004.9,9940.86
2022-10-11,9867.23,9962.73,9866.62
2022-10-12,9800.64,9876.21,9746.95
2022-10-13,9853.74,9853.74,9769.0
2022-10-16,10048.88,10048.88,9853.6
2022-10-17,10148.4,10153.65,10039.81
2022-10-18,10163.56,10173.18,10085.33
2022-10-19,10156.34,10174.99,10116.51
2022-10-20,10273.53,10277.11,10156.34
2022-10-23,10258.24,10323.37,10257.53
2022-10-24,10320.88,10368.53,10258.24
2022-10-25,10475.02,10475.02,10294.24
2022-10-26,10553.2,10580.49,10475.02
2022-10-27,11072.02,11072.02,10553.2
2022-10-30,11100.67,11245.6,11072.02
2022-10-31,11372.79,11372.79,11076.58
2022-11-01,11432.79,11440.39,11368.19
2022-11-02,11242.07,11437.23,11238.76
2022-11-03,11262.4,11262.4,11173.57
2022-11-06,11179.2,11284.94,11178.67
2022-11-07,11443.71,11443.71,11179.2
2022-11-08,11268.04,11531.06,11250.07
2022-11-09,11781.58,11781.58,11232.62
2022-11-10,11756.56,11816.82,11575.97
2022-11-13,11980.62,11980.62,11756.56
2022-11-14,12136.37,12140.72,11973.06
2022-11-15,12137.0,12147.84,12041.57
2022-11-16,12341.2,12341.2,12100.48
2022-11-17,12515.71,12515.71,12341.2
2022-11-20,12523.84,12650.43,12515.71
2022-11-21,12449.9,12531.03,12413.3
2022-11-22,12622.34,12642.4,12446.09
2022-11-23,12600.09,12793.86,12600.09
2022-11-24,12779.44,12779.44,12600.09
2022-11-27,13009.48,13009.48,12779.44
2022-11-28,12917.22,13049.62,12881.26
2022-11-29,13184.26,13184.26,12917.22
2022-11-30,13259.26,13314.43,13180.52
2022-12-01,13639.73,13639.73,13259.02
2022-12-04,14078.53,14078.53,13639.73
2022-12-05,14327.77,14375.4,14078.53
2022-12-06,14498.29,14566.65,14327.77
2022-12-07,14787.05,14913.71,14498.29
2022-12-08,14838.31,14919.25,14575.05
2022-12-11,14587.7,15060.84,14587.7
2022-12-12,14723.71,14752.2,14274.95
2022-12-13,15150.31,15186.36,14723.71
2022-12-14,15378.28,15378.28,15111.87
2022-12-15,15141.55,15595.3,15141.55
2022-12-18,14843.05,15180.4,14843.05
2022-12-19,14738.6,14917.8,14576.96
2022-12-20,14523.26,14847.62,14523.26
2022-12-21,14541.98,14591.36,14301.75
2022-12-22,14482.93,14756.69,14358.18
2022-12-25,14385.3,14482.93,14202.72
2022-12-26,14560.41,14586.1,14385.3
2022-12-27,14485.18,14632.48,14485.18
2022-12-28,14578.21,14615.64,14485.18
2022-12-29,14598.53,14690.74,14559.17
2023-01-02,14960.66,14961.16,14598.53
2023-01-03,15068.13,15175.32,14960.66
2023-01-04,15557.46,15599.24,14598.76
2023-01-05,16002.18,16028.66,15557.46
2023-01-09,16096.87,16274.94,16002.18
2023-01-10,15462.57,16115.2,15462.57
2023-01-11,15528.1,16138.84,15302.01
2023-01-12,15551.47,15799.26,15434.43
2023-01-15,15561.25,15663.54,15498.9
2023-01-16,15837.91,15914.29,15561.25
2023-01-17,15981.88,16062.53,15837.91
2023-01-18,15987.15,16086.53,15919.66
2023-01-19,16065.98,16118.6,15987.15
2023-01-22,16118.85,16220.25,16065.98
2023-01-23,16183.49,16241.01,16118.85
2023-01-24,16440.53,16440.53,16183.49
2023-01-25,16791.11,16840.13,16440.53
2023-01-29,17411.46,17411.46,16791.11
2023-01-30,17026.64,17764.02,17026.64
2023-01-31,16446.38,17033.99,16427.05
2023-02-01,16407.79,16610.08,16282.46
2023-02-02,16255.73,16615.32,16198.9
2023-02-05,16265.92,16266.18,15748.89
2023-02-06,16587.06,16587.06,16265.92
2023-02-07,16900.43,16959.9,16587.06
2023-02-08,16948.08,17081.29,16669.71
2023-02-09,17613.78,17613.78,16948.08
2023-02-12,17287.09,17613.78,17198.46
2023-02-13,17214.56,17450.5,17113.22
2023-02-14,17430.98,17438.31,17214.56
2023-02-15,17522.56,17657.23,17419.11
2023-02-16,17488.87,17724.83,17488.87
2023-02-19,17326.61,17620.62,17326.61
2023-02-20,16814.0,17404.04,16798.65
2023-02-21,17039.45,17046.37,16714.32
2023-02-22,16777.2,17102.87,16674.32
2023-02-23,17003.9,17003.9,16733.06
2023-02-26,17213.01,17295.35,16992.99
2023-02-27,17098.16,17359.92,17098.16
2023-02-28,17002.08,17162.15,16936.69
2023-03-01,17123.01,17128.64,16976.78
2023-03-02,16846.79,17183.44,16846.79
2023-03-05,16827.65,16929.88,16714.01
2023-03-06,16803.89,17056.93,16803.89
2023-03-07,16432.56,16871.83,16401.62
2023-03-08,16315.62,16532.41,16226.61
2023-03-09,16454.31,16555.5,16283.78
2023-03-12,15936.89,16468.36,15936.89
2023-03-13,15438.5,16088.99,15274.66
2023-03-14,15362.25,15505.62,15281.67
2023-03-15,14724.44,15703.78,14724.44
2023-03-16,14704.18,15052.08,14611.93
2023-03-19,14681.12,14780.21,14426.31
2023-03-20,14923.81,15165.16,14662.13
2023-03-21,15325.66,15403.92,14923.81
2023-03-22,15253.22,15488.01,15154.04
2023-03-23,15625.08,15625.08,15200.44
2023-03-26,15989.18,16013.47,15625.08
2023-03-27,15950.09,16100.07,15902.33
2023-03-28,15906.42,15998.32,15696.82
2023-03-29,16411.37,16411.37,15906.42
2023-03-30,16418.53,16644.45,16284.65
2023-04-02,16694.46,16694.46,16416.13
2023-04-03,17056.89,17107.27,16694.46
2023-04-04,16998.35,17111.67,16928.03
2023-04-05,17019.25,17075.79,16963.89
2023-04-06,16709.28,17036.12,16709.28
2023-04-09,16674.87,16756.83,16610.53
2023-04-10,16774.64,16838.78,16674.87
2023-04-11,17011.68,17011.68,16774.64
2023-04-12,16741.45,17011.68,16696.78
2023-04-13,17671.27,17671.27,16741.45
2023-04-18,17538.97,17671.27,17175.23
2023-04-19,17516.04,17644.11,17428.16
2023-04-26,17452.22,17557.18,17361.47
2023-04-27,17796.91,17850.55,17452.22
2023-04-30,17667.74,18142.59,17613.85
2023-05-01,17310.83,17691.82,17294.11
2023-05-02,17300.56,17366.95,17207.96
2023-05-03,17295.27,17420.52,17205.08
2023-05-07,17235.31,17295.27,17109.64
2023-05-08,17642.97,17642.97,17235.31
2023-05-09,17326.27,17832.46,17276.23
2023-05-10,17494.73,17494.73,17204.43
2023-05-11,17270.69,17556.44,17204.93
2023-05-14,17369.13,17372.23,17151.67
2023-05-15,17135.55,17521.98,17135.55
2023-05-16,17033.99,17139.09,16904.18
2023-05-17,16844.01,17105.57,16807.1
2023-05-18,16745.54,16875.38,16562.77
2023-05-21,16860.88,16936.58,16745.54
2023-05-22,16764.41,17033.69,16748.38
2023-05-23,16787.71,16790.33,16636.86
2023-05-24,17090.56,17090.56,16787.71
2023-05-25,17043.62,17240.66,17043.62
2023-05-28,17131.45,17161.31,17043.62
2023-05-29,17211.84,17217.43,17065.03
2023-05-30,17534.59,17544.85,17211.84
2023-05-31,17495.77,17745.99,17495.77
2023-06-01,17533.31,17628.94,17495.77
2023-06-04,17455.48,17706.61,17452.89
2023-06-05,17345.9,17570.55,17341.72
2023-06-06,17491.18,17637.07,17345.9
2023-06-07,17347.57,17601.64,17315.65
2023-06-08,17521.36,17521.36,17307.67
2023-06-11,17739.63,17825.96,17521.36
2023-06-12,17704.58,17856.21,17656.21
2023-06-13,17866.81,17948.86,17704.58
2023-06-14,17873.28,18056.61,17848.92
2023-06-15,17881.52,17892.05,17739.67
2023-06-18,18026.17,18096.2,17881.52
2023-06-19,17988.95,18217.64,17872.61
2023-06-20,17921.92,18070.84,17860.93
2023-06-21,17706.08,17933.32,17685.24
2023-06-22,17712.93,17720.4,17580.15
2023-06-25,17287.64,17743.13,17287.64
2023-06-26,17665.29,17665.29,17287.64
2023-07-04,17466.18,17729.98,17376.11
2023-07-05,17380.33,17564.19,17380.33
2023-07-06,17102.3,17429.64,17079.39
2023-07-09,16555.12,17104.24,16555.12
2023-07-10,16963.13,16970.39,16544.84
2023-07-11,17155.23,17223.79,16904.23
2023-07-12,17144.22,17205.71,17063.6
2023-07-13,17342.29,17448.88,17144.22
2023-07-16,17343.13,17437.19,17342.29
2023-07-17,17512.01,17667.81,17324.47
2023-07-18,17608.32,17671.13,17512.01
2023-07-19,17578.67,17624.23,17530.52
2023-07-24,17550.23,17725.14,17528.75
2023-07-25,17479.94,17760.37,17441.68
2023-07-26,17396.24,17549.11,17396.24
2023-07-27,17339.06,17421.9,17304.99
2023-07-30,17554.56,17617.24,17334.46
2023-07-31,17595.92,17630.12,17522.57
2023-08-01,17514.11,17663.59,17499.71
2023-08-02,17455.6,17610.41,17428.1
2023-08-03,17451.44,17507.87,17380.89
2023-08-06,17697.49,17708.06,17451.44
2023-08-07,17839.48,17865.34,17697.49
2023-08-08,17748.89,17937.62,17748.89
2023-08-09,17763.63,17910.88,17746.3
2023-08-10,17710.2,17813.07,17693.31
2023-08-13,17856.07,17856.75,17710.2
2023-08-14,17897.5,18066.56,17856.07
2023-08-15,17965.32,17977.61,17885.44
2023-08-16,18062.5,18166.7,17936.52
2023-08-17,17969.27,18130.45,17956.88
2023-08-20,18033.22,18101.1,17969.27
2023-08-21,17920.48,18123.52,17899.07
2023-08-22,18216.63,18256.85,17920.48
2023-08-23,18133.42,18322.06,18130.61
2023-08-24,18207.82,18237.14,18133.42
2023-08-27,18516.59,18516.59,18207.82
2023-08-28,18584.84,18757.12,18516.59
2023-08-29,18629.34,18709.86,18584.84
2023-08-30,18818.15,18832.19,18629.34
2023-08-31,18873.82,18884.8,18726.61
2023-09-03,18726.01,18955.2,18726.01
2023-09-04,18910.99,18945.24,18726.01
2023-09-05,19044.39,19145.76,18910.99
2023-09-06,19224.52,19287.49,19044.39
2023-09-07,19375.68,19471.4,19224.52
2023-09-10,19577.85,19676.17,19375.64
2023-09-11,19278.72,19601.16,19238.42
2023-09-12,19144.09,19285.98,19112.04
2023-09-13,19361.7,19408.92,19144.09
2023-09-14,19540.33,19640.16,19361.7
2023-09-17,19668.82,19772.59,19540.33
2023-09-18,19751.78,19762.12,19586.73
2023-09-19,19954.3,20049.38,19712.27
2023-09-20,19797.23,20264.0,19714.75
2023-09-21,20080.57,20081.14,19692.58
2023-09-24,20213.7,20325.68,20077.86
2023-09-25,20320.56,20498.51,20213.7
2023-09-26,20354.86,20530.34,20320.56
2023-09-27,20174.28,20429.24,20086.4
2023-10-01,20054.72,20222.42,19979.44
2023-10-02,19901.24,20161.8,19608.7
2023-10-03,19706.96,19925.89,19652.16
2023-10-04,19873.31,19896.75,19661.31
2023-10-08,19357.42,19873.31,18455.84
2023-10-09,19409.78,19464.26,19219.35
2023-10-10,19724.32,19748.67,19276.31
2023-10-11,19653.49,19913.31,19653.49
2023-10-12,20002.1,20002.1,19653.49
2023-10-15,20324.96,20464.66,20002.1
2023-10-16,21032.35,21328.43,20324.96
2023-10-17,22073.95,22143.13,21032.35
2023-10-18,22117.4,22424.27,21974.8
2023-10-19,21616.6,22216.79,21616.6
2023-10-22,22128.49,22202.78,21586.32
2023-10-23,22572.49,22614.7,22128.49
2023-10-24,22377.39,22841.06,21859.28
2023-10-25,23131.96,23226.61,22377.39
2023-10-26,23262.27,23438.6,22911.53
2023-10-29,23086.72,23411.92,23086.72
2023-10-30,23435.65,23559.26,23086.72
2023-10-31,22550.65,23573.84,22550.65
2023-11-01,22433.38,22912.29,22203.5
2023-11-02,22639.59,22880.1,22433.38
2023-11-05,23094.69,23247.26,22639.59
2023-11-06,23059.15,23246.11,23011.39
2023-11-07,23393.41,23479.13,23059.15
2023-11-08,23986.56,24136.42,23393.41
2023-11-09,24312.92,24543.08,23986.56
2023-11-12,23910.66,24469.89,23857.12
2023-11-13,23954.96,24073.77,23695.45
2023-11-14,23894.06,24216.81,23842.85
2023-11-15,24138.8,24196.64,23894.06
2023-11-16,24383.27,24451.66,24138.8
2023-11-19,24899.59,24958.74,24383.27
2023-11-20,24760.02,25337.9,24725.87
2023-11-21,24774.04,24774.04,24399.98
2023-11-22,25029.57,25097.23,24774.04
2023-11-23,25519.49,25563.41,25029.57
2023-11-26,25300.32,25742.25,25241.54
2023-11-27,25905.54,25943.82,25300.32
2023-11-28,25121.73,25928.41,25121.73
2023-11-29,24759.16,25202.24,24554.91
2023-11-30,24735.39,25016.7,24416.9
2023-12-03,24571.98,24809.48,24491.7
2023-12-04,25265.41,25322.99,24571.98
2023-12-05,25127.91,25443.73,24978.42
2023-12-06,24703.55,25307.33,24702.29
2023-12-07,24686.16,24710.18,24056.42
2023-12-10,24189.83,24771.62,24189.83
2023-12-11,24182.06,24260.63,23941.71
2023-12-12,24071.66,24414.73,23968.87
2023-12-13,24773.92,24827.06,24071.66
2023-12-14,24722.82,25056.35,24722.82
2023-12-17,24792.14,24979.07,24722.82
2023-12-18,25334.09,25422.08,24792.14
2023-12-19,25076.42,25532.03,25076.42
2023-12-20,24837.56,25263.72,24831.11
2023-12-21,24305.09,25077.43,24262.2
2023-12-24,23822.17,24578.48,23822.17
2023-12-25,24226.68,24260.41,23730.17
2023-12-26,23994.54,24407.51,23857.89
2023-12-27,24351.12,24480.99,23994.54
2023-12-28,24691.43,25780.7,24351.12
2023-12-31,24894.26,25118.11,24691.43
2024-01-02,25501.94,25501.94,24894.26
2024-01-03,25408.51,25652.85,25381.93
2024-01-04,25350.28,25478.96,25324.04
2024-01-08,25344.63,25495.5,25278.7
2024-01-09,25589.99,25622.96,25344.63
2024-01-10,25466.75,25707.26,25466.75
2024-01-11,25519.25,25575.69,25367.78
2024-01-14,25974.84,25996.31,25519.25
2024-01-15,26250.73,26376.85,25974.84
2024-01-16,26938.14,26938.14,26250.73
2024-01-17,26758.26,27163.51,26756.78
2024-01-18,26842.67,26931.2,26670.6
2024-01-21,27719.37,27741.56,26842.67
2024-01-22,28050.33,28121.08,27719.37
2024-01-23,27587.0,28102.33,27536.78
2024-01-24,27666.18,27701.73,27468.78
2024-01-28,28625.76,28847.14,27666.18
2024-01-29,29227.79,29431.62,28625.76
2024-01-30,30347.3,30347.3,29194.84
2024-01-31,28281.91,30695.6,28224.97
2024-02-01,28434.37,28485.05,26467.16
2024-02-04,27573.5,28478.54,27164.06
2024-02-05,27665.75,27903.0,27504.07
2024-02-06,27270.63,27880.7,27035.19
2024-02-07,27905.95,28280.18,27270.63
2024-02-08,28411.41,28411.41,27866.66
2024-02-11,28199.04,28620.16,27972.65
2024-02-12,28494.72,28689.42,27686.9
2024-02-13,28604.54,28836.39,28307.27
2024-02-14,28874.99,28972.46,28604.54
2024-02-15,28926.15,29073.3,28811.54
2024-02-18,29125.57,29177.87,28926.15
2024-02-19,29452.4,29498.55,29104.75
2024-02-20,29330.66,29660.61,29326.51
2024-02-21,29292.05,29496.45,29150.82
2024-02-22,29309.73,29475.8,29215.3
2024-02-25,27840.86,29309.73,27125.19
2024-02-26,28931.92,29339.72,27809.77
2024-02-27,29205.16,29998.91,28931.92
2024-02-28,28876.46,29788.39,28876.46
2024-02-29,28964.41,29195.15,28356.31
2024-03-03,29058.33,29396.22,28609.04
2024-03-04,30542.33,30643.0,29058.33
2024-03-05,30668.89,31159.5,30146.53
2024-03-06,29743.11,32215.0,29743.11
2024-03-07,31300.54,31300.54,29743.11
2024-03-10,32919.95,33062.74,31300.54
2024-03-11,33382.51,34493.56,32919.95
2024-03-12,32661.61,33382.51,31982.01
2024-03-13,31013.88,32757.39,30485.67
2024-03-14,31316.43,31593.29,29960.74
2024-03-17,31061.88,31781.62,31061.88
2024-03-18,29091.29,31062.52,29091.29
2024-03-19,28675.7,29091.29,28168.9
2024-03-20,28589.37,29229.09,28545.45
2024-03-21,29054.96,29096.55,28280.32
2024-03-24,29060.02,29379.12,28769.34
2024-03-25,29344.46,29344.46,28940.29
2024-03-26,29057.5,29538.38,28997.13
2024-03-27,28224.37,29114.08,28054.18
2024-03-28,27559.35,28224.37,27559.35
2024-03-31,26883.39,27630.08,26358.79
2024-04-01,28297.17,28297.17,26883.39
2024-04-02,27934.36,28657.49,27934.36
2024-04-03,27937.22,27978.76,27643.5
2024-04-04,28506.16,28617.67,27937.22
2024-04-07,28151.66,28894.27,28151.66
2024-04-08,28503.75,28555.11,28130.53
2024-04-15,29616.47,29661.1,28503.75
2024-04-16,29400.84,29797.23,29387.87
2024-04-17,29667.71,29867.14,29400.57
2024-04-18,28332.65,30071.29,27797.06
2024-04-21,28623.39,28941.4,28332.65
2024-04-22,28144.22,28849.68,28144.22
2024-04-23,26777.05,28166.18,26754.25
2024-04-24,25917.59,26784.88,25502.32
2024-04-28,24639.63,26005.53,24639.63
2024-04-29,26011.28,26011.28,24639.63
2024-04-30,24448.73,26097.3,24414.02
2024-05-01,25270.55,25295.84,24194.14
2024-05-02,26113.71,26167.86,25189.43
2024-05-07,26429.69,26429.69,25640.11
2024-05-08,25988.93,26939.37,25889.0
2024-05-09,26003.16,26271.51,25845.53
2024-05-12,25155.92,26265.08,24971.34
2024-05-13,25381.25,25388.04,24772.99
2024-05-14,25339.77,25654.34,25216.69
2024-05-15,25316.08,25480.97,25170.47
2024-05-16,26142.84,26165.9,25316.08
2024-05-19,27315.83,27333.91,26142.84
2024-05-20,27228.85,27636.62,27170.62
2024-05-21,27224.8,27615.87,27224.8
2024-05-22,27227.44,27442.67,26963.82
2024-05-23,27205.14,27415.59,27196.78
2024-05-26,27539.21,27584.5,27205.14
2024-05-27,27287.31,27689.14,27276.94
2024-05-28,27194.51,27296.89,26822.88
2024-05-29,27089.68,27391.88,26976.21
2024-05-30,26922.76,27122.26,26683.97
2024-06-02,26869.85,27140.2,26753.7
2024-06-03,26834.47,27003.04,26760.84
2024-06-04,26973.0,27170.91,26834.47
2024-06-05,26634.3,26973.0,26241.88
2024-06-06,26428.65,26656.15,26356.42
2024-06-09,25659.13,26457.59,25652.74
2024-06-10,25896.56,25896.56,25508.57
2024-06-11,26082.29,26350.16,25869.99
2024-06-12,26133.39,26303.47,26037.58
2024-06-13,26417.6,26556.76,26133.39
2024-06-23,27062.37,27087.87,26417.6
2024-06-24,26902.4,27308.21,26902.4
2024-06-25,27264.23,27269.92,26747.87
2024-06-26,27500.56,27600.92,27238.03
2024-06-27,27766.27,27938.98,27499.63
2024-07-01,27969.59,28139.44,27766.27
2024-07-02,27985.89,28174.67,27925.42
2024-07-03,28161.17,28374.37,27985.89
2024-07-04,28364.79,28460.63,28151.67
2024-07-07,28602.14,28864.33,28363.37
2024-07-08,28411.87,28886.74,28344.0
2024-07-09,28466.24,28518.1,28258.93
2024-07-10,28287.98,28702.04,28268.95
2024-07-14,28042.06,28531.84,27997.98
2024-07-15,27952.04,28197.34,27917.53
2024-07-16,27828.92,28094.99,27786.44
2024-07-17,28340.42,28345.92,27828.92
2024-07-18,28653.85,28832.77,28340.42
2024-07-21,28783.24,28896.49,28626.86
2024-07-22,28992.34,29222.19,28783.24
2024-07-23,29195.24,29285.83,28924.59
2024-07-24,29090.57,29375.4,29057.85
2024-07-28,29036.32,29148.17,28949.91
2024-07-29,28851.23,29317.14,28851.23
2024-07-30,29039.42,29039.42,28851.23
2024-07-31,29378.82,29386.84,29039.42
2024-08-01,29359.87,29674.4,29332.43
2024-08-04,28503.63,29359.87,28262.64
2024-08-05,27840.64,28503.63,27125.63
2024-08-06,28210.41,28291.84,27840.64
2024-08-07,28628.19,28628.19,28210.41
2024-08-08,28750.82,28971.02,28488.65
2024-08-11,29532.67,29579.57,28750.82
2024-08-12,29706.7,30007.23,29532.67
2024-08-13,29331.04,29792.04,29304.88
2024-08-14,29567.0,29667.94,29331.04
2024-08-15,29629.14,29833.68,29465.9
2024-08-18,29460.24,29798.38,29409.54
2024-08-19,29320.18,29532.82,29240.01
2024-08-20,29915.24,29915.24,29320.18
2024-08-21,29914.29,30020.32,29756.62
2024-08-22,30141.08,30142.57,29845.01
2024-08-25,30073.95,30196.31,29999.88
2024-08-26,30133.81,30304.76,29952.8
2024-08-27,30363.15,30570.71,30072.37
2024-08-28,30709.59,30742.82,30363.15
2024-08-29,30774.19,30910.31,30614.05
2024-09-01,30902.88,31174.48,30774.19
2024-09-02,30731.98,31221.69,30706.47
2024-09-03,31018.48,31161.86,30722.75
2024-09-04,30998.19,31018.48,30648.74
2024-09-05,31029.7,31177.1,30979.99
2024-09-08,30273.73,31033.57,30273.73
2024-09-09,30374.96,30520.34,30227.11
2024-09-10,30104.35,30511.83,30075.24
2024-09-11,30485.63,30565.1,29803.14
2024-09-12,30497.83,30689.9,30471.66
2024-09-16,30260.24,30711.86,30258.7
2024-09-17,30159.15,30459.87,30126.74
2024-09-18,30342.46,30360.47,30096.97
2024-09-19,30937.69,30937.69,30342.46
2024-09-22,31038.41,31161.15,30937.69
2024-09-23,31022.54,31202.71,30944.45
2024-09-24,30871.1,31087.83,30818.94
2024-09-25,31250.64,31250.64,30871.1
2024-09-26,31276.91,31475.03,31205.35
2024-09-29,31459.09,31580.62,31276.91
2024-09-30,31587.04,31720.84,31444.57
2024-10-01,31866.06,31915.26,31587.04
2024-10-02,31332.73,31866.06,31253.63
2024-10-03,31720.5,31720.5,31332.73
2024-10-07,31819.16,32184.68,31720.5
2024-10-08,30851.63,31820.56,30453.6
2024-10-09,31175.43,31206.34,30654.7
2024-10-10,30762.32,31332.83,30762.32
2024-10-13,29954.12,30884.12,29795.11
2024-10-14,30273.06,30343.53,29676.93
2024-10-15,30584.24,30620.5,30273.06
2024-10-16,30545.11,31039.77,30545.11
2024-10-17,30143.86,30604.91,30100.35
2024-10-20,29528.79,30287.25,29528.79
2024-10-21,30445.2,30445.2,29180.44
2024-10-22,30427.35,30537.27,30220.55
2024-10-23,30414.05,30587.73,30327.55
2024-10-24,30552.82,30627.3,30359.83
2024-10-27,30812.23,30904.96,30552.82
2024-10-28,30773.53,30980.91,30634.32
2024-10-29,30619.96,30856.05,30527.47
2024-10-30,30371.26,30725.27,30371.26
2024-10-31,30658.0,30732.59,30371.26
2024-11-03,30833.13,30978.78,30658.0
2024-11-04,30650.04,31074.49,30650.04
2024-11-05,30793.94,30820.95,30650.04
2024-11-06,31045.26,31120.58,30793.94
2024-11-07,31267.47,31370.65,31045.26
2024-11-10,31394.33,31514.62,31267.47
2024-11-11,31621.29,31621.29,31394.33
2024-11-12,31582.39,31799.44,31489.03
2024-11-13,31433.01,31687.73,31424.67
2024-11-14,31462.21,31582.09,31433.01
2024-11-17,31252.07,31492.51,31205.36
2024-11-18,30864.34,31359.65,30864.34
2024-11-19,30688.3,30898.74,30688.3
2024-11-20,30587.99,30783.53,30503.57
2024-11-21,30631.8,30795.3,30587.99
2024-11-24,30397.22,30779.96,30397.22
2024-11-25,30270.51,30585.38,30169.38
2024-11-26,30284.35,30351.88,30167.29
2024-11-27,29846.04,30300.75,29846.04
2024-11-28,30242.13,30242.13,29763.65
2024-12-01,30497.13,30502.15,30242.13
2024-12-02,30525.32,30675.44,30429.45
2024-12-03,30628.74,30642.46,30525.32
2024-12-04,30832.61,31005.17,30628.74
2024-12-05,30839.57,31035.14,30824.25
2024-12-08,31060.51,31232.73,30839.57
2024-12-09,31005.12,31185.24,30977.11
2024-12-10,30617.83,31067.1,30617.83
2024-12-11,30739.26,30807.78,30581.63
2024-12-12,30795.09,30879.01,30739.26
2024-12-15,30776.0,30835.57,30621.08
2024-12-16,30799.43,30918.19,30682.68
2024-12-17,30601.64,30932.81,30601.64
2024-12-18,30503.07,30807.41,30452.01
2024-12-19,30526.71,30528.42,30211.82
2024-12-22,30372.7,30626.63,30372.7
2024-12-23,30118.38,30443.89,30118.38
2024-12-24,29973.15,30165.45,29810.4
2024-12-25,30005.0,30164.71,29973.15
2024-12-26,29957.97,30039.6,29937.24
2024-12-29,29594.48,30033.84,29594.48
2024-12-30,29325.2,29700.82,29237.94
2024-12-31,29740.58,29740.58,29325.2
2025-01-02,30060.48,30127.45,29740.58
2025-01-05,30183.61,30279.95,30059.96
2025-01-06,29929.64,30238.27,29908.35
2025-01-08,29785.91,29950.54,29669.41
2025-01-09,29444.65,29894.5,29444.65
2025-01-12,29277.45,29444.65,28969.26
2025-01-13,28556.28,29587.41,28556.28
2025-01-14,28967.09,29097.25,28349.98
2025-01-15,29389.93,29389.93,28967.09
2025-01-16,29605.12,29730.63,29389.93
2025-01-19,29728.61,29840.53,29605.12
2025-01-20,29619.39,29857.25,29610.89
2025-01-21,29826.58,29826.58,29607.07
2025-01-22,29979.14,30178.66,29826.58
2025-01-23,29997.69,30258.34,29947.05
2025-01-26,30034.85,30276.52,29995.3
2025-01-27,29742.12,30091.04,29726.66
2025-01-28,29646.6,29900.15,29646.6
2025-01-29,29891.61,29982.32,29646.6
2025-01-30,30010.62,30127.35,29891.61
2025-02-02,29917.96,30198.22,29917.96
2025-02-03,29754.77,30001.23,29698.79
2025-02-04,29668.47,29937.39,29668.47
2025-02-05,29735.59,29772.63,29596.5
2025-02-06,30011.84,30011.84,29735.59
2025-02-09,30014.27,30202.01,29948.52
2025-02-10,29905.41,30224.26,29905.41
2025-02-11,29564.21,29939.86,29453.98
2025-02-12,29661.99,29661.99,29040.92
2025-02-13,29997.11,29997.11,29661.99
2025-02-16,30443.82,30499.93,29997.11
2025-02-17,30436.71,30710.66,30376.61
2025-02-18,30587.81,30616.18,30427.7
2025-02-19,30875.28,30895.11,30587.81
2025-02-20,30914.72,30990.28,30843.12
2025-02-23,31010.25,31054.96,30749.39
2025-02-24,30925.29,31056.36,30824.8
2025-02-25,30654.92,30978.89,30596.21
2025-02-26,30631.95,30810.05,30620.31
2025-02-27,30610.44,30794.95,30561.18
2025-03-02,30857.77,30949.64,30610.44
2025-03-03,30988.51,31095.6,30857.77
2025-03-04,30762.85,31083.42,30762.85
2025-03-05,30876.44,30876.44,30645.36
2025-03-06,30947.44,30975.93,30868.22
2025-03-09,31130.68,31212.02,30947.44
2025-03-10,31137.03,31227.43,31048.89
2025-03-11,30935.23,31137.03,30827.66
2025-03-12,31049.03,31157.07,30935.23
2025-03-13,31290.62,31331.41,31049.03
2025-03-16,31338.34,31549.01,31290.62
2025-03-17,31458.59,31478.63,31244.28
2025-03-18,31608.69,31608.69,31415.71
2025-03-19,31348.47,31653.51,31343.43
2025-03-20,31677.58,31709.42,31348.47
2025-03-23,31933.76,32022.17,31676.62
2025-03-24,31810.98,32073.0,31757.25
2025-03-25,31761.97,31879.23,31761.97
2025-03-26,31744.3,31829.21,31566.28
2025-03-27,32026.14,32026.14,31743.6
2025-04-03,31699.58,32026.14,31606.26
2025-04-06,30639.52,31699.58,30265.82
2025-04-07,30453.94,30639.52,29994.82
2025-04-08,30648.98,30733.64,30384.64
2025-04-09,30079.93,30655.88,30011.24
2025-04-10,30810.7,30810.7,30079.93
2025-04-13,31174.62,31174.64,30793.45
2025-04-14,31182.37,31326.25,31174.62
2025-04-15,31185.03,31287.56,31086.13
2025-04-16,31030.7,31203.61,30927.87
2025-04-17,31062.95,31062.95,30860.7
2025-04-22,30844.18,31077.68,30844.18
2025-04-23,31640.22,31640.22,30844.18
2025-04-27,31855.12,31885.2,31620.62
2025-04-28,32015.02,32048.32,31768.2
2025-04-29,32043.48,32218.68,32015.02
2025-04-30,32126.22,32133.99,31962.83
2025-05-04,32351.66,32432.71,32126.22
2025-05-05,32211.75,32480.47,32204.08
2025-05-06,32285.45,32451.82,32211.75
2025-05-07,31840.44,32476.82,31840.44
2025-05-08,31772.04,31928.92,31636.86
2025-05-11,31427.98,32022.63,31427.98
2025-05-12,31577.01,31863.04,31427.98
2025-05-13,31692.77,31901.26,31577.01
2025-05-14,31827.86,31827.86,31622.56
2025-05-15,31941.15,31941.15,31792.82
2025-05-18,31713.7,32092.48,31706.56
2025-05-19,31355.82,31721.21,31317.24
2025-05-20,31629.34,31650.33,31353.01
2025-05-21,31836.63,31903.08,31529.62
2025-05-22,31975.63,32077.54,31791.63
2025-05-25,32023.89,32100.47,31928.46
2025-05-26,31922.5,32209.41,31899.15
2025-05-27,32397.38,32397.38,31895.92
2025-05-28,32493.89,32638.17,32397.38
2025-05-29,32696.79,32696.79,32316.17
2025-06-01,32500.03,32696.79,32457.54
2025-06-02,32325.12,32520.57,32201.6
2025-06-03,32355.41,32544.77,32325.12
2025-06-04,32677.87,32677.87,32317.92
2025-06-10,32904.06,32942.52,32598.61
2025-06-11,32935.19,33088.11,32879.79
2025-06-12,32511.68,32935.19,32319.81
2025-06-15,31016.0,32511.68,30002.46
2025-06-16,31042.36,31459.91,30826.84
2025-06-17,30725.96,31118.03,30617.68
2025-06-18,30838.98,30894.75,30300.95
2025-06-19,30248.44,30919.28,30248.44
2025-06-22,31055.98,31058.23,29740.7
2025-06-23,31418.74,31466.64,31055.98
2025-06-24,32598.55,32598.55,31418.74
2025-06-25,33002.85,33002.85,32373.52
2025-06-29,33206.76,33357.62,33002.85
2025-06-30,32857.62,33381.0,32857.62
2025-07-01,32707.22,32922.98,32594.5
2025-07-02,32820.49,32920.13,32699.26
2025-07-06,32913.73,32982.14,32820.49
2025-07-07,33037.62,33087.2,32913.73
2025-07-08,33037.62,33037.62,33037.62
2025-07-09,33152.39,33382.9,32888.15
2025-07-10,33324.38,33324.38,33119.53
2025-07-13,33053.47,33412.32,33053.47
2025-07-14,33727.44,33727.44,33042.16
2025-07-15,33934.63,34027.9,33727.44
2025-07-16,33473.77,34089.4,33438.93
2025-07-17,33821.03,33890.89,33473.77
2025-07-20,34071.0,34137.29,33821.03
2025-07-21,34129.59,34323.8,33975.32
2025-07-22,33803.34,34196.15,33803.34
2025-07-23,34125.12,34125.12,33723.13
2025-07-27,34554.24,34554.24,34125.12
2025-07-28,34076.22,34683.0,34046.46
2025-07-29,34085.74,34235.27,33963.93
2025-07-30,33859.68,34352.96,33803.27
2025-07-31,34198.0,34198.0,33859.68
2025-08-03,34272.16,34272.16,34074.47
2025-08-04,34704.51,34722.43,34272.16
2025-08-05,35254.18,35254.18,34704.51
2025-08-06,35480.25,35480.25,35232.25
2025-08-07,35809.36,35907.73,35437.23
2025-08-10,36109.77,36282.71,35809.36
2025-08-11,35908.5,36218.75,35829.44
2025-08-12,36003.65,36039.82,35848.29
2025-08-13,35855.26,36139.22,35635.45
2025-08-14,35576.42,35880.68,35449.52
2025-08-17,35972.77,35974.39,35563.79
2025-08-18,35824.78,36206.86,35824.78
2025-08-19,36100.07,36100.07,35791.17
2025-08-20,35731.83,36221.81,35664.18
2025-08-21,35622.26,35765.88,35523.1
2025-08-24,35811.88,35818.83,35613.91
2025-08-25,35810.57,35995.78,35788.71
2025-08-26,35358.34,35979.02,35358.34
2025-08-27,35676.19,35676.19,35305.52
2025-08-28,35727.19,35824.41,35544.04
2025-08-31,35148.14,35886.13,35113.21
2025-09-01,35158.88,35247.68,34922.17
2025-09-02,35156.93,35290.01,35030.17
2025-09-03,34761.97,35156.93,34711.31
2025-09-07,34455.41,34938.04,34455.41
2025-09-08,34601.53,34762.77,34455.41
2025-09-09,34386.33,34705.85,34217.69
2025-09-10,34670.1,34679.65,34328.68
2025-09-11,34937.44,34939.72,34670.1
2025-09-14,35111.82,35196.98,34937.44
2025-09-15,35165.84,35343.81,35011.96
2025-09-16,34840.82,35221.71,34751.64
2025-09-17,34974.84,35011.17,34707.41
2025-09-18,35403.0,35403.0,34974.84
2025-09-21,35247.04,35500.65,35235.46
2025-09-22,35210.7,35360.93,34925.19
2025-09-23,35328.63,35397.02,35207.54
2025-09-24,35949.12,35949.12,35328.63
2025-09-25,35671.43,35988.95,35671.43
2025-09-28,36166.08,36219.49,35671.43
2025-09-29,36391.0,36391.0,36126.29
2025-09-30,36670.08,36699.76,36391.0
2025-10-01,36769.18,37000.01,36670.08
2025-10-02,36900.7,37035.75,36700.25
2025-10-05,37210.83,37389.17,36900.7
2025-10-06,37094.8,37318.69,36988.46
2025-10-07,37097.37,37203.31,37034.87
2025-10-08,37376.93,37376.93,36957.85
2025-10-12,37378.58,37490.01,37096.31
2025-10-13,37409.85,37611.9,37330.84
2025-10-14,37459.13,37689.99,37409.85
2025-10-15,37654.04,37676.44,37366.39
2025-10-16,37677.19,37858.8,37654.04
2025-10-19,37909.61,38009.6,37677.19
2025-10-20,37975.06,38181.61,37909.61
2025-10-21,37698.49,38089.76,37698.49
2025-10-22,37576.55,37698.49,37550.22
2025-10-23,37687.04,37687.04,37502.87
2025-10-26,38101.96,38170.91,37687.04
2025-10-27,38162.01,38287.56,38049.25
2025-10-28,38304.94,38400.43,38100.54
2025-10-29,38229.53,38360.12,38128.5
2025-10-30,38267.8,38408.3,38130.49
2025-11-02,38082.88,38431.19,38058.58
2025-11-03,38622.84,38622.84,38007.3
2025-11-04,39065.73,39073.26,38622.84
2025-11-05,39132.25,39323.94,38718.76
2025-11-06,39949.66,40101.34,39132.25
2025-11-09,40821.96,40851.32,39949.66
2025-11-10,40427.35,40949.57,40378.02
2025-11-11,40261.16,40613.89,40261.16
2025-11-12,40228.76,40619.27,40185.8
2025-11-13,40190.62,40500.96,40129.78
2025-11-16,41211.27,41342.05,40190.62
2025-11-17,41065.75,41443.1,40911.54
2025-11-18,40501.28,41141.21,40501.28
2025-11-19,40509.16,40581.82,40311.79
2025-11-20,40302.39,40647.77,40302.39
2025-11-23,40445.66,40808.22,40302.39
2025-11-24,39725.26,40572.28,39725.26
2025-11-25,39902.53,40284.34,39725.26
2025-11-26,39537.25,40028.65,39537.25
2025-11-27,40039.24,40049.13,39536.73
2025-11-30,40753.45,40753.45,40039.24
2025-12-01,40693.92,41010.13,40536.09
2025-12-02,40625.63,40991.1,40515.15
2025-12-03,41342.03,41470.85,40625.63
2025-12-04,41499.07,41780.03,41342.03
2025-12-07,41762.43,41850.54,41499.07
2025-12-08,41963.24,42089.84,41762.43
2025-12-09,41940.62,41992.68,41751.57
2025-12-10,42052.79,42088.14,41940.62
2025-12-11,42033.78,42346.18,42015.42
2025-12-14,42065.2,42249.59,41957.6
2025-12-15,42305.36,42624.11,42065.2
2025-12-16,42002.37,42510.92,41986.48
2025-12-17,41504.03,42260.34,41504.03
2025-12-18,40926.86,41760.64,40926.86
2025-12-21,41348.38,41364.98,40926.86
2025-12-22,41102.76,41508.39,41095.7
2025-12-23,41419.32,41419.32,40904.85
2025-12-24,41508.31,41618.02,41396.66
2025-12-25,41253.02,41540.77,41178.18
2025-12-28,41604.74,41667.03,41253.02
2025-12-29,41731.68,41732.27,41549.83
2025-12-30,41689.96,41785.56,41593.55
2025-12-31,41828.97,41979.3,41689.96
